{"inputUnits":[34],"outputUnits":2,"inputs":{"input0":{"dtype":"number","min":185.28877778824773,"max":413.0930041337338},"input1":{"dtype":"number","min":-86.3477056254188,"max":223.35121050680357},"input2":{"dtype":"number","min":192.3439011006792,"max":452.80999970017814},"input3":{"dtype":"number","min":-80.88174622890777,"max":208.5012579428987},"input4":{"dtype":"number","min":174.21338057192676,"max":380.58676602547627},"input5":{"dtype":"number","min":-79.96632606662504,"max":208.35520842851486},"input6":{"dtype":"number","min":177.0850085282651,"max":493.77832304896896},"input7":{"dtype":"number","min":-81.89501667580409,"max":243.6637982522767},"input8":{"dtype":"number","min":135.9144348382485,"max":339.5402537080047},"input9":{"dtype":"number","min":-82.27322137843795,"max":259.91815860740854},"input10":{"dtype":"number","min":134.43706133212262,"max":519.5523903012044},"input11":{"dtype":"number","min":-104.6837950589364,"max":386.65263988353587},"input12":{"dtype":"number","min":103.87241415577789,"max":315.82630477221153},"input13":{"dtype":"number","min":-51.968891820480025,"max":441.2161629660087},"input14":{"dtype":"number","min":134.09746017604775,"max":634.3627513268304},"input15":{"dtype":"number","min":-30.386159796463815,"max":555.830679553294},"input16":{"dtype":"number","min":116.55032330786275,"max":308.89736004507796},"input17":{"dtype":"number","min":143.78948397571347,"max":554.005979422705},"input18":{"dtype":"number","min":89.75675646092226,"max":663.1806573997928},"input19":{"dtype":"number","min":34.92092794377436,"max":528.1898715668021},"input20":{"dtype":"number","min":40.95246491608796,"max":348.70050203498107},"input21":{"dtype":"number","min":150.45065837064448,"max":557.966204712033},"input22":{"dtype":"number","min":186.10666553876553,"max":535.4343335484435},"input23":{"dtype":"number","min":30.291621931347464,"max":560.356012831422},"input24":{"dtype":"number","min":153.95858021042733,"max":341.9757692809226},"input25":{"dtype":"number","min":140.78326784844054,"max":554.240876731352},"input26":{"dtype":"number","min":165.60767220242445,"max":520.8645313106782},"input27":{"dtype":"number","min":93.70048180890595,"max":546.6347576535468},"input28":{"dtype":"number","min":163.13203540229424,"max":342.41561532717697},"input29":{"dtype":"number","min":228.2203707035057,"max":548.7762397632264},"input30":{"dtype":"number","min":159.2221184223019,"max":516.8148418523182},"input31":{"dtype":"number","min":266.45450644093415,"max":562.9259266397873},"input32":{"dtype":"number","min":174.5986290052388,"max":338.5015864678991},"input33":{"dtype":"number","min":339.99044273331845,"max":562.2204655281051}},"outputs":{"output0":{"dtype":"string","min":0,"max":1,"uniqueValues":["m","c"],"legend":{"m":[1,0],"c":[0,1]}}},"isNormalized":true}